USE bookstore;

INSERT INTO library (book_id, name, author, publicationDate, amount, price, lastDeliveredDate, lastSaleDate, status) VALUES
(1, 'Анна Каренина', 'Л.Н.Толстой', 1884, 5, 1150.0, '2025-01-09 12:34:56', '2025-01-09 08:15:23', 'AVAILABLE'),
(2, 'Капитанская дочка', 'А.С.Пушкин', 1836, 3, 200.0, '2025-01-09 17:55:11', '2024-03-19 10:00:00', 'AVAILABLE'),
(3, 'Дубровский', 'А.С.Пушкин', 1833, 0, 450.0, '2024-10-20 22:12:34', '2025-01-08 16:20:55', 'NOTAVAILABLE'),
(4, 'Пиковая дама', 'А.С.Пушкин', 1833, 1, 975.0, '2024-04-05 13:03:45', '2024-02-23 11:11:22', 'AVAILABLE'),
(5, 'Обломов', 'Иван Гончаров', 1859, 3, 12.0, '2025-01-08 07:30:00', '2023-12-10 14:45:30', 'AVAILABLE'),
(6, 'Детство', 'Лев Толстой', 1852, 0, 9.5, '2023-10-25 15:10:12', NULL, 'NOTAVAILABLE'),
(7, 'Муму', 'Иван Тургенев', 1854, 4, 8.0, '2023-11-20 09:05:23', '2023-12-01 10:00:00', 'AVAILABLE'),
(8, 'Отцы и дети', 'Иван Тургенев', 1862, 9, 11.5, '2024-01-15 10:23:45', '2023-12-01 13:15:00', 'AVAILABLE'),
(9, 'Мёртвые души', 'Н.В.Гоголь', 1842, 0, 350.0, '2024-01-11 18:50:00', NULL, 'NOTAVAILABLE'),
(10, 'Ревизор', 'Н.В.Гоголь', 1835, 3, 875.0, '2025-01-08 08:40:00', NULL, 'AVAILABLE'),
(42, 'Sapiens. Краткая история человечества', 'Юваль Ной Харари', 2011, 3, 22.5, '2023-12-20 15:22:33', '2024-02-10 09:30:00', 'AVAILABLE'),
(16, 'Черный лебедь', 'Нассим Николас Талеб', 2007, 5, 19.0, '2024-01-05 06:15:45', '2024-01-30 14:05:00', 'AVAILABLE'),
(17, 'Эйнштейн. Его жизнь и Вселенная', 'Уолтер Айзексон', 2007, 4, 25.5, '2025-01-08 21:10:11', '2024-02-28 17:20:00', 'AVAILABLE'),
(18, 'Искусственный интеллект. Этапы. Угрозы. Стратегии', 'Стюарт Рассел', 2010, 8, 32.0, '2024-03-01 12:00:00', NULL, 'AVAILABLE'),
(19, 'Думай медленно… Решай быстро', 'Даниэль Канеман', 2011, 4, 23.5, '2023-12-01 16:45:00', '2024-02-15 13:15:00', 'AVAILABLE'),
(53, 'Космос', 'Карл Саган', 1980, 0, 27.0, '2024-01-15 20:50:00', NULL, 'NOTAVAILABLE'),
(22, 'Краткая история времени', 'Стивен Хокинг', 1988, 5, 15.99, '2024-01-15 14:30:00', '2025-01-08 11:30:00', 'AVAILABLE'),
(23, 'Геном', 'Мэтт Ридли', 1999, 9, 21.2, '2024-02-25 19:20:00', '2025-01-09 17:00:00', 'AVAILABLE'),
(25, 'Физика невозможного', 'Митио Каку', 2008, 4, 29.0, '2025-01-08 09:22:00', NULL, 'AVAILABLE'),
(31, 'Структура научных революций', 'Томас Кун', 1962, 9, 18.75, '2025-01-09 12:25:00', '2025-01-08 18:00:00', 'AVAILABLE');

INSERT INTO orders (order_id, clientName, price, status, orderDate, completeDate) VALUES
(1, 'Екатерина Иванова', 2275.00, 'NEW', '2024-05-01 10:00:00', NULL),
(2, 'Михаил Петров', 1800.00, 'COMPLETED', '2024-05-03 14:30:00', '2024-05-08 11:00:00'),
(3, 'Анна Сидорова', 1200.00, 'CANCELED', '2024-05-05 09:00:00', NULL),
(4, 'Иван Кузнецов', 3375.00, 'NEW', '2024-05-07 16:20:00', NULL),
(5, 'Ольга Смирнова', 2125.00, 'COMPLETED', '2024-05-09 13:40:00', '2024-05-12 17:50:00'),
(6, 'Дмитрий Морозов', 2575.00, 'NEW', '2024-05-11 19:00:00', NULL),
(7, 'Елена Васильева', 4100.00, 'COMPLETED', '2024-05-13 20:00:00', '2024-05-16 13:20:00'),
(8, 'Сергей Лебедев', 1100.00, 'CANCELED', '2024-05-15 12:10:00', NULL),
(9, 'Наталья Попова', 925.00, 'NEW', '2024-05-17 18:45:00', NULL),
(10, 'Алексей Новиков', 3750.00, 'COMPLETED', '2024-05-19 09:30:00', '2024-05-22 19:10:00'),
(11, 'Мария Соколова', 1200.00, 'CANCELED', '2024-05-21 15:25:00', NULL),
(12, 'Андрей Волков', 2775.00, 'NEW', '2024-05-23 11:15:00', NULL),
(13, 'Юлия Зайцева', 3025.00, 'COMPLETED', '2024-05-25 14:55:00', '2024-05-29 22:00:00'),
(14, 'Роман Федоров', 400.00, 'CANCELED', '2024-05-27 10:10:00', NULL),
(15, 'Ксения Белова', 2000.00, 'NEW', '2024-05-29 08:00:00', NULL);

INSERT INTO ordered_books (order_id, book_id, amount) VALUES
(1, 1, 2),
(1, 3, 1),
(2, 2, 3),
(2, 5, 1),
(3, 4, 1),
(3, 7, 2),
(4, 1, 1),
(4, 2, 1),
(4, 3, 2),
(4, 4, 3),
(5, 6, 1),
(5, 8, 2),
(6, 5, 1),
(6, 6, 2),
(6, 7, 1),
(7, 1, 1),
(7, 3, 1),
(7, 5, 1),
(7, 6, 1),
(7, 9, 2),
(8, 9, 3),
(8, 10, 2),
(9, 3, 1),
(10, 1, 1),
(10, 2, 2),
(10, 3, 3),
(10, 4, 2),
(11, 5, 1),
(11, 6, 1),
(12, 1, 1),
(12, 4, 2),
(12, 5, 1),
(13, 2, 2),
(13, 3, 1),
(13, 6, 1),
(13, 7, 1),
(13, 8, 1),
(15, 1, 1),
(15, 2, 1);

INSERT INTO requests (request_id, book_id, amount, status) VALUES
(1, 7, 3, 'OPEN'),
(2, 2, 8, 'CLOSED'),
(3, 12, 1, 'OPEN'),
(4, 5, 5, 'OPEN'),
(5, 1, 9, 'CLOSED'),
(6, 10, 2, 'OPEN'),
(7, 15, 4, 'CLOSED'),
(8, 3, 7, 'OPEN'),
(9, 11, 6, 'CLOSED'),
(10, 8, 10, 'OPEN'),
(11, 14, 2, 'CLOSED'),
(12, 4, 1, 'OPEN'),
(13, 6, 9, 'OPEN'),
(14, 9, 3, 'CLOSED'),
(16, 2, 6, 'OPEN'),
(17, 15, 10, 'CLOSED'),
(19, 4, 4, 'CLOSED'),
(20, 1, 8, 'OPEN'),
(21, 11, 7, 'CLOSED'),
(22, 9, 2, 'OPEN'),
(23, 6, 3, 'OPEN'),
(24, 14, 1, 'CLOSED'),
(25, 5, 6, 'OPEN'),
(26, 10, 9, 'CLOSED'),
(27, 3, 7, 'OPEN'),
(28, 8, 4, 'OPEN'),
(29, 12, 5, 'CLOSED'),
(30, 7, 3, 'OPEN');

